y,x1,x2,x3,x4,x5,x6
5.6,74,0.6808,1083,1194,7.1,1118
5.6,71.9,0.6604,916,1082,4.4,1019
6.4,70.7,0.6848,825,1046,2.9,961
6.3,70.1,0.6733,704,1015,2.1,931
4.4,80.5,0.6825,668,1032,2.1,938
3.9,83.1,0.6787,512,963,1.1,888
2.5,86.6,0.6407,385,908,0.6,844
3.4,85.4,0.6736,377,918,0.5,851
3.3,84.5,0.6608,467,956,1,905
3.4,84.5,0.664,691,1035,2.6,987
3.4,84.5,0.6677,981,1180,6.7,1124
4.1,82.7,0.682,1369,1523,16.7,1408
4.6,80.3,0.6889,1589,1789,24,1501
6.1,74,0.7025,1370,1435,15,1266
9.1,58.4,0.6787,1005,1140,6.9,1082
11.4,48.9,0.658,1105,1225,9.1,1123
8.3,64.4,0.7072,1142,1282,10,1174
6.5,71,0.6903,1105,1355,12.9,1209
6.6,71.1,0.6973,917,1245,9,1120
7.4,69.3,0.7165,1050,1305,10.9,1174
6.4,70.6,0.6834,848,1177,7.9,1068
5.8,72.5,0.6718,952,1236,10.2,1146
5.6,71.6,0.6556,1059,1335,13.2,1204
4.2,77.8,0.6491,720,1141,8.1,1062
4.3,79.5,0.6648,981,1201,8.5,1122
4.5,75.5,0.6429,648,1005,3.6,940
4.4,77.1,0.6523,611,986,2.6,935
4.2,78.2,0.6506,773,1050,4.3,1011
4,79.3,0.6517,703,1007,3.2,952
3.9,78.7,0.643,560,951,1.8,899
3.5,80.6,0.6403,499,948,1.4,880
3.2,82.8,0.6426,575,959,1.2,882
4.1,76,0.6304,478,894,0.7,844
4.2,75.9,0.6311,442,912,1,860
4.5,76.3,0.648,602,994,2.2,917
4.4,79.1,0.6687,936,1208,7.7,1126
4.3,79.8,0.6706,870,1114,6.2,1033
3.1,83,0.6419,688,1022,3.8,944
2.8,83.9,0.6326,706,1004,3.6,955
3.9,79.5,0.6482,756,1020,3.7,992
5.1,74.5,0.6621,974,1192,8.3,1090
5.7,72.5,0.6686,1121,1244,10.1,1151
5.6,74.6,0.6826,1064,1243,9.9,1148
5.4,75.9,0.6875,1076,1231,9.2,1140
4.9,78.2,0.6826,1090,1254,10.3,1160
4.8,79,0.6845,1119,1289,11.4,1167
4.8,78.6,0.6826,1181,1317,11.7,1194
4.6,78.2,0.6686,1240,1331,12.6,1224
4.2,79.7,0.6647,1254,1264,11.4,1209
4.3,78.9,0.6621,1192,1212,9.6,1145
4.2,77.9,0.6479,1020,1053,4.6,1016
3.2,83,0.645,916,1051,4.7,1018
5.1,74.5,0.6626,798,983,2.6,937
4,80.8,0.6666,762,1023,2.9,949
4.3,81,0.677,685,964,1.5,895
2.9,85.3,0.6503,619,960,1.3,884
3.3,84.5,0.6612,606,962,1.2,883
3.6,84.4,0.6724,788,1051,3,968
3.8,83.8,0.6771,947,1146,5.5,1071
4.1,82.5,0.6819,1254,1400,12.9,1310
3.9,83.9,0.6847,1352,1439,14.5,1332
4.1,83.9,0.6967,1165,1228,9,1178
4.6,82,0.6997,1025,1142,6.5,1093
5.5,79.5,0.7238,941,1117,5.4,1060
6.7,76.2,0.7519,1000,1206,7.4,1121
7.9,69,0.7394,962,1223,7.7,1118
8.5,66.3,0.7387,1214,1299,10.7,1205
7.6,70.8,0.7399,1428,1364,13.3,1274
7.2,72.4,0.7372,1484,1388,13.2,1301
6.7,74.2,0.7326,1658,1503,17.5,1405
6.1,75.8,0.7184,1632,1522,17.7,1375
6.3,74.9,0.7187,1628,1492,17.5,1367
6,78,0.7345,1481,1399,14.1,1324
5.6,81.2,0.7443,1205,1218,8.4,1170
5.5,81.5,0.7393,1106,1201,7.9,1169
5.3,84.1,0.753,1106,1215,8.1,1181
5.2,83.9,0.7487,1092,1181,7.1,1146
5.1,83.5,0.7416,984,1127,5.2,1059
5,82.9,0.73,889,1046,3.4,1010
5,82.5,0.7265,848,1053,3.4,1007
5,82.8,0.7273,771,1025,2.1,932
5.2,80.7,0.7219,895,1095,4.1,998
5.3,80.2,0.7179,1003,1161,6.1,1072
5.7,79.7,0.734,1442,1568,18.7,1424
6.2,76.8,0.7355,1727,1868,27.9,1527
8.3,67.4,0.7384,1606,1533,17.8,1364
10.8,52.1,0.6746,1354,1324,11.8,1190
13,40.3,0.6028,914,1084,6.6,1021
10.9,44.8,0.5849,913,1122,8.4,1051
11.5,42.1,0.5706,847,1097,7.6,1021
12.5,38.5,0.5568,778,1067,6.7,1016
12.6,38.5,0.5586,835,1104,7.9,1040
12.3,38.4,0.5488,903,1124,8.4,1089
10.2,43.1,0.5366,1157,1233,12.1,1148
8.6,48.2,0.5385,1237,1229,12.6,1162
7.8,50.8,0.5384,1253,1309,13.6,1197
7.3,52.8,0.5404,1130,1098,8.1,1059
6.2,62.4,0.5958,1373,1233,11.2,1207
5.1,68.2,0.6033,1338,1193,10.1,1188
4.7,69,0.5936,1268,1133,8.8,1153
4,69.8,0.5756,1125,1063,6.8,1061
3.4,71.3,0.5626,1054,1063,6.4,1028
2.8,74,0.5591,1090,1061,6.7,1082
2.3,75.1,0.5514,1029,1004,5.2,1037
3.8,66.2,0.5359,882,947,3.6,942
4.6,60.5,0.5173,717,897,2.7,904
5.7,54.3,0.5022,599,855,1.9,855
6.2,51.3,0.488,687,926,3.9,914
6.7,49.5,0.4892,706,927,4.1,933
8.8,45,0.5114,682,912,3.7,942
9.6,43.5,0.5202,629,909,3.6,943
9.8,43.3,0.5238,664,939,4.1,959
9.9,43.5,0.53,664,972,4.5,971
9.8,44.1,0.5332,630,953,4.5,954
9.7,45.1,0.5417,524,906,2.9,929
9,47.3,0.542,488,911,3.1,933
7.4,56,0.5797,609,961,3.9,967
6.4,61.7,0.5956,684,974,4.2,987
6.8,58,0.5758,788,1008,5.2,1003
7.3,56.7,0.5806,1030,1188,10.2,1138
7.2,56.7,0.579,1026,1106,8.1,1087
6.7,59.1,0.5848,1182,1139,8.5,1129
5.9,62.1,0.5808,1284,1224,10.7,1191
6.3,60.4,0.5811,1371,1230,11.5,1256
5.5,60.2,0.5458,1234,1121,9.5,1171
4.6,64.4,0.5525,1060,1004,5.3,1016
3.5,68.8,0.5458,1038,1022,5.8,1035
2.8,70.9,0.5383,970,979,4.6,980
3.7,65.9,0.5295,751,915,2.7,901
1.6,74.3,0.5168,742,949,3.1,914
1.4,76.3,0.5261,879,955,3.2,940
2.5,69.5,0.5172,871,949,3.6,935
3.7,64.8,0.5208,890,956,3.7,970
7.8,49.9,0.5307,1059,1053,6.4,1064
11.2,37.1,0.4936,808,972,5.2,1023
12.6,30.6,0.446,616,884,3.9,955
10.3,32.9,0.4131,609,868,4.1,943
10,35.5,0.4346,471,804,2.5,895
8.8,40,0.4538,391,803,2.2,890
8.3,40.3,0.4431,398,807,2.3,904
7.9,38.9,0.4141,419,791,2.4,888
6.8,41,0.4072,509,822,2.9,905
6,42,0.3962,723,884,4.9,974
5.5,43.5,0.3963,888,955,6.8,1048
4.6,46.8,0.4001,596,826,3.1,895
4.5,48,0.4085,451,793,2.1,875
4.3,48.6,0.4069,581,870,3.9,943
4,50,0.4115,698,878,3.8,947
4,52.9,0.4338,423,797,1.8,865
4,51,0.42,332,755,1,823
3.9,48.1,0.393,280,699,0.6,798
3.8,48,0.3879,261,667,0.4,781
3.6,50.3,0.4022,252,669,0.3,781
2.8,52.6,0.3972,257,684,0.2,779
2.5,52.7,0.3908,308,732,0.7,817
2.7,50.5,0.3804,456,837,2.6,893
2.7,49.4,0.3714,527,842,3.1,883
3.3,45.2,0.354,475,780,2.3,839
3.1,43.3,0.3354,434,744,2,809
3.7,38.8,0.3123,385,726,2,805
4,36.8,0.3016,435,757,3.1,840
3.7,35,0.2823,421,731,2.9,812
3.4,32.4,0.2563,371,673,2.1,782
3.3,33.1,0.2592,382,699,2.5,799
2.6,35.1,0.2618,408,716,2.8,812
2.1,36.6,0.2634,676,858,6.7,922
1.6,37.9,0.2645,798,885,8.1,938
1.4,38,0.2615,793,870,7.4,939
1,36.6,0.2456,573,727,3.6,827
1.1,35.4,0.2382,402,655,1.9,776
1,34.3,0.2292,343,621,1.4,755
1,37.4,0.2487,322,642,1.2,766
0.7,41.2,0.2693,307,640,0.9,762
0.2,40.6,0.2566,268,602,0.6,736
0.1,40,0.2499,227,559,0.2,715
-0.1,37.5,0.2326,221,551,0.2,716
-0.3,38.4,0.2347,225,561,0.3,731
-0.6,40.1,0.2404,232,579,0.3,735
-0.6,41.4,0.2478,313,652,1,779
-0.2,40.2,0.2478,629,839,5.2,915
0.6,36.8,0.2388,790,840,6.1,905
2.8,30.3,0.2294,630,720,3.6,835
3.1,29.1,0.224,472,660,2.3,798
3.3,29.2,0.2288,378,647,1.9,783
3.1,31,0.2386,384,684,2.6,807
3.2,30.8,0.2399,426,709,3.1,827
3.3,31.5,0.2464,442,701,2.7,822
4.1,28.6,0.2363,467,710,3,830
3.9,29.2,0.2378,448,708,3,833
1.9,35,0.2494,582,815,5,882
1.8,35.4,0.2497,892,887,7.5,967
1.4,36.5,0.2503,1006,935,9.5,1009
0.8,36.3,0.2388,852,796,5.3,911
0.6,34.1,0.221,543,672,2.4,808
0.3,31.9,0.2031,529,669,2.5,812
0.2,30.2,0.191,465,637,2.2,790
0,29.7,0.1847,405,601,1.5,765
-0.1,31.9,0.1975,332,605,1.3,761
-1.1,41.4,0.2379,420,650,0.9,788
-1.4,44.9,0.2536,532,669,0.7,790
-1.3,46.3,0.2635,630,698,0.9,804
-1.2,47.2,0.27,768,722,1.4,831
-1.3,47.5,0.2702,866,813,3.5,881
-1.9,51.4,0.2801,1254,1056,11,1099
-0.5,45.9,0.2763,1347,1072,12.4,1100
4.6,32.5,0.2783,1216,922,8.3,1042
7.5,24.3,0.2528,1151,942,8.9,1026
9.6,18.8,0.2246,699,767,5.7,905
9.3,18.4,0.2157,584,764,5.5,891
9.7,18.6,0.2244,836,897,9,968
10.1,16.7,0.2062,626,802,6.3,909
11.8,13.5,0.1862,878,855,9.1,938
11.6,15.3,0.2086,952,885,8.4,971
9.1,19.2,0.2225,1460,1126,17.5,1148
7.2,25.6,0.2611,1855,1325,23.3,1299
6.1,34,0.3237,1860,1282,19,1315
5.1,36.4,0.323,1629,1054,11.1,1180
4.8,39.6,0.344,1454,936,6.2,1070
5,39.6,0.3479,1348,905,5,1031
4.1,41.7,0.3456,1326,907,5.3,1047
4.4,43.3,0.3656,1285,893,4.2,1030
3.8,45.9,0.3728,1205,884,3.5,986
3.6,49.7,0.396,1220,887,3,992
3.4,56.3,0.4455,1448,947,4.1,1076
2.9,67.9,0.5183,1433,1001,4,1104
2.8,74.1,0.5618,1447,1063,5.1,1160
2.9,75.6,0.5742,1481,1120,6.7,1217
3.8,72.4,0.5867,1785,1422,15.6,1457
5.9,50.2,0.4706,1756,1406,17.1,1337
7.3,39.4,0.4035,1368,1069,8.8,1111
3.6,75.9,0.6055,1197,1155,6.9,1165
3.6,78.6,0.6283,1084,1127,5.4,1129
5.3,69.2,0.6213,1039,1088,4.9,1092
6.1,66,0.6255,961,1107,5.3,1096
6,70.1,0.6577,964,1115,5.4,1108
6.3,72.1,0.6907,941,1147,5.5,1124
6.3,75.7,0.7252,1111,1252,7.5,1216
5.6,80.4,0.7382,1459,1510,16.7,1437
4.9,82.4,0.7201,1519,1539,18.2,1473
4.3,84,0.7051,1412,1488,15.5,1396
4.3,83.6,0.7025,1336,1331,10.9,1285
4.6,82.5,0.7066,1285,1235,8.7,1206
4.4,82,0.6938,1240,1205,7.3,1179
4.3,80.9,0.6791,1282,1206,7.5,1213
4.1,81.2,0.6721,1189,1173,6.8,1142
3.9,80.9,0.6613,1117,1108,4.7,1089
4.5,70.6,0.6004,1024,977,2.5,982
4.5,65.1,0.5547,744,912,1.3,888
4,75.2,0.6161,928,993,2.2,979
3.7,76.4,0.6164,1006,1049,3.6,1023
3.1,77.3,0.5985,1173,1180,7.5,1153
3.7,74.4,0.5992,1568,1497,16.8,1393
5,69.4,0.6118,1913,1848,28,1567
6.5,60.9,0.5919,1643,1432,15.8,1334
7.6,59.8,0.6245,1605,1435,15.5,1280
8.6,57.6,0.6471,1668,1399,14.9,1330
10.9,52.4,0.6826,1710,1493,16.4,1349
12.3,48.3,0.6871,1632,1443,15.6,1349
12.5,43.4,0.6298,1545,1411,16.1,1344
11.9,42.3,0.5902,1557,1401,16.6,1337
12.3,41.2,0.5867,1529,1392,15.9,1316
10.8,48.1,0.6235,1430,1327,13.3,1253
8.9,52.5,0.5996,1509,1336,14.9,1258
8.4,54.7,0.6057,1615,1479,18.5,1326
7.5,58.7,0.6112,1242,1132,7.9,1109
6.9,60,0.5977,1065,1049,5,1029
6.6,61.3,0.5995,1180,1104,6.5,1112
6.3,59.8,0.5761,1158,1070,6,1100
5.4,65.8,0.5935,1216,1132,6.8,1136
5.8,59.6,0.5523,971,989,4,1000
4.9,62.6,0.5477,1076,1003,4.4,1041
4.4,63.9,0.5385,1011,974,4,1009
4.2,62.5,0.5191,813,948,3.5,975
3.1,68.6,0.5302,1001,989,4.3,993
4.6,54.6,0.4682,655,866,2,872
5,54.5,0.4788,933,1034,6.1,1017
7,48.1,0.4847,1088,1112,8.7,1070
10,37.7,0.4643,562,866,3.1,915
13,30.3,0.452,586,955,5.2,978
14,28.1,0.4476,617,929,5.3,968
13.3,28.9,0.4399,705,998,6.7,1008
13.4,29,0.4436,814,1035,8.3,1025
13.5,28.3,0.4374,615,966,5.9,983
13,29.7,0.442,804,1015,7.3,1018
11.6,38.7,0.5271,861,1125,8.4,1101
8.6,56.3,0.6312,980,1176,7.7,1116
8.5,57.9,0.6435,1077,1205,9.1,1161
7.8,63.4,0.6735,1214,1284,10.9,1212
7.2,69.5,0.7084,1169,1255,10.2,1225
6.5,74.7,0.7248,1079,1197,7.8,1154
6.5,73.9,0.7224,1147,1171,7,1140
6.8,72.1,0.7143,1260,1220,9.2,1201
7,60,0.6055,929,998,4.6,1011
7.2,47.8,0.487,465,826,2.1,867
7.2,47.3,0.483,398,803,1.5,856
6.8,52.9,0.5245,342,810,1.3,859
5.8,65,0.6029,313,822,0.8,859
5.8,59.4,0.5502,292,788,0.6,842
5.5,58.3,0.529,367,833,1.1,856
5.9,54.8,0.5119,387,818,1,867
7.3,48.7,0.5007,399,829,1.5,877
9.4,39.9,0.4707,376,783,1.4,869
11.2,33.8,0.449,377,792,2,900
12.3,29.9,0.4255,379,782,2.3,899
14.8,23.7,0.3945,387,787,2.6,895
13.1,26.6,0.399,552,990,6.7,992
13.3,25.7,0.3914,930,1210,13.3,1104
12,27.7,0.3885,554,850,4,933
11.5,30.1,0.4067,723,916,5.3,973
10.1,33.2,0.4115,875,1036,8.6,1069
8.6,38.1,0.4282,949,942,6.2,1055
8,41.2,0.4433,869,926,5.3,1032
7.5,43.8,0.4551,747,905,4.1,982
6.8,46.9,0.465,740,891,3.5,968
6.1,46.3,0.4394,807,903,4.1,979
5.6,45.5,0.4187,653,836,3.2,935
5.4,48.8,0.4393,553,848,3.2,942
5.1,51.2,0.4534,412,785,1.7,883
5.3,51,0.4563,289,708,0.7,841
5.2,57.2,0.5094,262,730,0.5,843
4.5,63.1,0.5381,288,755,0.6,872
5.2,54.5,0.486,310,753,0.8,862
5.6,51.3,0.4712,418,827,1.7,917
5.9,45.4,0.4244,769,941,5.2,1022
6.9,41.3,0.4145,881,978,6.6,1022
8.6,34.2,0.3834,816,910,5.5,961
9.6,27.7,0.3308,684,811,4.4,912
10.6,25.3,0.3224,627,799,4.4,896
10.2,25.6,0.3181,523,779,4.3,890
10,25.2,0.3079,502,788,4.5,891
9.7,25.7,0.3088,604,805,4.5,894
9.7,26.8,0.3226,682,819,4.8,907
9.4,27.3,0.3216,846,888,6.3,973
7.9,28,0.2999,1027,985,9.6,1035
6.9,30.7,0.3066,1315,1148,15,1146
6.1,33.3,0.3152,1363,1137,15.4,1176
5,37.4,0.329,1236,982,8.9,1057
4.2,40.9,0.3417,1076,865,5,974
3.9,43.5,0.3538,1200,924,6.5,1044
3,47.7,0.3658,1081,868,4.4,988
2.5,52.1,0.3855,1174,918,5.3,1016
2,53.5,0.3831,1033,851,3.1,929
1,56.7,0.3803,900,815,1.9,876
0.5,59.4,0.3841,853,807,1.7,872
1.4,56.8,0.3903,886,820,1.9,888
0.9,58.4,0.388,949,846,2.8,927
0.3,61,0.3881,1037,931,5.5,991
0.9,59.1,0.3913,1571,1360,18.3,1317
4.1,47.9,0.3959,1885,1599,26.3,1402
7.7,34.6,0.3652,1683,1265,16.3,1222
10.9,25.7,0.3341,1412,1091,12.3,1109
13.7,17.4,0.2715,1006,864,7.4,959
14,16.8,0.2672,855,882,8.1,964
14.1,17,0.2729,964,988,10.8,1006
15,15.8,0.2678,886,920,9.7,1002
16.5,14.9,0.2775,947,926,9.9,997
15.8,16.7,0.2972,984,957,9.6,1019
13.2,23.9,0.3597,1450,1222,16.5,1192
11,33.8,0.4436,1837,1499,23.4,1399
9.5,39,0.4644,1899,1531,24.2,1419
8.5,42.4,0.4716,1629,1198,13.3,1250
7.5,44,0.4564,1490,1055,8.4,1156
6.6,46,0.4505,1319,954,5.4,1064
5.5,49.6,0.4526,1247,949,5.2,1066
4.9,52.2,0.4567,1144,927,4.6,1031
4.6,53.5,0.4584,1014,887,3.2,973
4.7,53.1,0.4589,885,873,2.2,937
3.8,56.8,0.4614,875,893,2.5,930
2.3,63.5,0.463,971,909,2.8,949
2,64.9,0.4657,1048,959,3.9,979
2,65.3,0.4688,1223,1061,7.2,1094
3.3,61.6,0.4829,1756,1497,20.9,1450
5.7,52.5,0.4851,2014,1685,27,1508
8.3,43.5,0.4774,1855,1375,18.5,1374
10.5,38.9,0.4926,1795,1261,14,1308
14.5,33.4,0.5488,1575,1198,10.5,1249
15.7,34.6,0.6147,1461,1305,11.2,1282
16.1,36.3,0.6593,1314,1292,10.3,1253
17.3,34.5,0.6728,1147,1216,8.6,1222
17.6,34.1,0.6781,948,1189,7.6,1201
18,33.1,0.6779,1252,1271,10.2,1238
14.6,41,0.6792,1676,1520,17.8,1434
12.8,46.2,0.6794,2056,1747,25.3,1573
11.5,53.9,0.7312,2088,1724,24.4,1552
10.6,58.8,0.7512,1945,1606,20,1510
9.7,60,0.7238,1482,1181,7.3,1165
8.3,64.2,0.7071,1448,1161,6.6,1177
7.8,65.5,0.6961,1304,1130,5.7,1135
7.5,65.9,0.6868,1186,1070,4.5,1070
6.1,72.1,0.6847,1051,1067,4.1,1034
4.6,78.2,0.6684,1038,1062,4.4,1014
4,80.9,0.667,969,1034,3.3,988
4.2,79.1,0.6611,951,1020,3.3,975
5.3,73.2,0.6577,970,1020,3.5,984
4.3,76.1,0.6395,1090,1143,6.4,1092
4.8,74.6,0.647,1673,1606,20.1,1454
7.5,64.5,0.6702,1833,1620,21.2,1446
11.7,49.3,0.6772,1828,1372,13.7,1316
14.7,41.2,0.6857,1724,1308,11.7,1283
17.4,33.2,0.6535,1547,1258,10.6,1223
18.8,26.2,0.5637,1300,1196,9.8,1176
19.1,18.1,0.3955,1000,1082,9.1,1041
19.5,15.3,0.3431,942,1016,9.2,1008
20.2,14.4,0.337,745,901,5.9,962
19.8,16,0.3632,941,1022,8.6,1048
16.5,21.6,0.4012,1232,1186,12.7,1145
14.5,18.3,0.2996,1527,1295,19.8,1198
12.8,22.8,0.3364,1746,1458,23.8,1319
11.5,35.9,0.4862,1741,1233,14.6,1274
9.5,34.6,0.411,1433,985,7.6,1085
8.3,38.2,0.4203,1235,922,4.9,1017
7.7,41.7,0.4387,1173,949,5.2,1039
6.8,44.9,0.4472,1171,936,4.8,1027
5.7,49.4,0.4551,1024,887,3.2,952
5.7,50.1,0.4629,928,864,2.4,930
4.4,56.4,0.4761,956,912,3.2,942
4.9,55.2,0.4807,871,870,2.1,897
4.5,56.3,0.48,884,908,2.7,928
3.8,59.7,0.4839,1010,957,4.5,987
4.3,58.6,0.4915,1416,1279,13.8,1272
7.1,50,0.5067,1817,1581,22.7,1452
11.1,38.4,0.5066,1870,1399,19.3,1415
,,,,,,
17.2,30.6,0.5949,1305,1162,9.3,1203
17.8,33.3,0.6741,1205,1297,12.1,1258
18.8,31.8,0.6853,1339,1404,14.2,1328
19.3,29.9,0.6604,1161,1319,12.3,1260
18.8,31.5,0.6752,996,1252,10.2,1201
18.2,28.1,0.5817,906,1211,10.4,1161
16,35.3,0.6356,1161,1349,13.9,1254
13.8,43.6,0.6825,1695,1661,23.1,1452
12.9,48.8,0.725,1705,1640,22.8,1438
12.8,49.3,0.7277,1379,1350,13.4,1273
12.2,50.9,0.7202,943,1146,6.8,1096
10.6,55.9,0.7138,1073,1156,6,1151
10.3,55.9,0.7014,1213,1157,5.7,1189
10.2,55.8,0.6927,898,1077,3.9,1078
10,57.3,0.7015,1094,1113,4.9,1152
10.2,57.9,0.7191,1064,1113,4.5,1128
10.3,59.4,0.7459,655,1027,2.3,1015
9.8,68.9,0.8329,470,1039,1.5,979
9.2,75.3,0.8764,443,1056,1.5,972
9.4,73.1,0.8621,547,1074,1.8,992
10.6,66.1,0.8444,570,1137,3.3,1053
12.6,58.5,0.8517,782,1209,5.8,1140
15,48.6,0.8253,744,1184,6.2,1136
14.2,51.5,0.8313,791,1206,6.7,1180
15.1,48.6,0.8266,749,1177,5.6,1131
18,35.4,0.7233,615,1105,5.8,1083
17.9,35.3,0.7184,681,1167,7,1120
17.7,35,0.7014,515,1042,3.8,1038
17.6,35.5,0.7065,583,1115,5.5,1096
17.5,34.1,0.6775,728,1140,7.6,1126
15.6,40,0.7018,827,1208,8.3,1153
14,47.8,0.7582,844,1224,7.5,1177
13.2,51.4,0.776,1310,1415,14.1,1383
12,56.1,0.7832,1353,1350,12.4,1363
11.6,54.7,0.7454,907,1130,5.8,1087
12,53.3,0.7472,646,1070,3.9,1028
12.5,55.4,0.7999,482,1044,2.8,1017
12.3,56,0.7958,526,1071,3.1,1050
12.4,53.4,0.7669,595,1069,3.3,1023
12.7,51.8,0.7574,416,991,2,940
13.2,49.7,0.7503,398,1006,2.5,963
12.3,55.9,0.7966,394,1004,2,971
13.3,50.1,0.7624,312,908,0.9,887
12.3,51.8,0.7384,381,985,1.6,944
12.9,50.4,0.7448,509,1018,2.1,970
12.9,49.9,0.7406,601,1060,3,1034
13.9,47.3,0.7479,962,1134,5,1160
13.5,51.6,0.7931,1231,1238,7.7,1283
13.2,56.2,0.8499,1396,1368,10.1,1387
14.2,57.8,0.9292,1297,1345,8.5,1325
17.2,46.2,0.8989,616,1103,2.8,1057
19.9,36.6,0.8406,509,1109,3.3,1078
19.7,37.1,0.8399,590,1158,5,1159
19,37.4,0.8122,718,1157,5.6,1195
16.4,43.5,0.8055,898,1234,7.1,1217
15.1,49.8,0.8458,1577,1520,16.7,1542
14.8,51,0.8507,1560,1397,12.5,1407
14.6,51.6,0.8508,1208,1204,6.6,1189
13.7,52.1,0.8121,1244,1245,8.3,1208
13.2,55.6,0.8412,1181,1217,7.1,1207
13.2,55.9,0.8465,828,1085,3.8,1056
11.7,62.1,0.8535,923,1178,5.2,1128
9.9,68.9,0.8388,1096,1187,5.3,1119
9.8,68,0.8227,1106,1122,3.8,1077
8.9,71.9,0.8202,976,1084,2.8,1036
8.4,74.5,0.8241,937,1090,2.9,1016
9.2,71,0.8299,1049,1139,4.4,1103
9.9,67.6,0.8239,1180,1257,7.5,1176
10.8,64.4,0.8328,1514,1543,15.7,1430
11.7,61.7,0.8483,1771,1763,22.9,1572
13.7,51.9,0.8106,1395,1349,10.8,1243
16.3,43.5,0.7988,1024,1157,6.1,1101
17.9,38.8,0.7883,946,1182,7,1103
19.3,35.5,0.7876,864,1197,7.1,1116
20.1,32.9,0.7672,889,1249,8.1,1141
20,33,0.7625,903,1222,7.7,1151
20.2,32.2,0.7526,1121,1308,10.8,1263
18.9,34.4,0.7436,1319,1441,14.4,1324
17.9,37.6,0.7624,1829,1799,25.4,1533
16.7,43.4,0.8168,2000,1937,29.1,1626
15.9,47.9,0.8573,2001,1904,28.3,1639
15.3,52.6,0.906,1598,1490,14.2,1346
13.7,58.5,0.9146,1383,1291,8.4,1218
12.7,62.8,0.9198,1238,1280,7.5,1166
12.2,65,0.9193,1023,1175,5.2,1095
13,61.2,0.9105,659,1054,2.2,958
11.1,66.1,0.8738,657,1062,2,960
10.1,69.8,0.8619,764,1063,1.8,972
11.6,61,0.8299,667,1005,1.1,911
10.1,64.5,0.7968,667,1002,1.2,923
9.3,67.9,0.7969,856,1068,2.4,981
10.1,64.3,0.7934,940,1102,3.8,1038
10.4,62.7,0.7909,1406,1459,14,1370
13,53.9,0.8036,1617,1655,18.9,1471
16.4,44.6,0.8242,1694,1514,15.6,1447
19.1,36.7,0.8044,1473,1401,13.2,1329
21,30.6,0.7508,1087,1297,10.3,1197
22.1,27.6,0.7254,945,1264,9.7,1198
22.2,25.5,0.6752,905,1234,10,1171
23.6,23.2,0.6665,903,1262,10.9,1191
23.6,22.9,0.6571,1041,1292,12.3,1213
22.8,24.6,0.6736,1194,1363,14.2,1258
20.3,29.7,0.6973,1533,1611,21.6,1413
18,36,0.7345,1932,1890,30.9,1610
16.4,41.9,0.7759,2140,2028,33.5,1710
14.9,47.6,0.8003,1871,1615,19.9,1515
13.8,49.6,0.7793,1435,1227,8.4,1199
13.2,51.6,0.7765,1303,1156,6.1,1128
11.8,56.9,0.7836,1199,1144,5.7,1108
11.4,58,0.7818,1069,1087,4,1038
11.3,58,0.7742,989,1054,2.9,1004
10.7,59.6,0.7673,899,1021,2,969
9,65.4,0.7532,850,1026,1.7,938
8,68.9,0.7402,828,1008,1.6,927
7.5,70.9,0.7358,902,1060,3.3,977
7.6,69.2,0.7238,902,1054,3.6,1011
8.7,64.3,0.7257,1222,1293,10.2,1228
11.7,54.3,0.7459,1784,1809,25.2,1521
15.9,42.2,0.7553,1761,1477,16,1425
19.3,34.7,0.7681,1634,1376,13.3,1339
23.1,27.3,0.7615,1527,1351,11.9,1310
26.1,20.8,0.6959,1192,1249,10.9,1250
26.8,17.9,0.6249,1023,1192,11,1181
28.4,16,0.6095,1251,1353,17.3,1272
28.8,15.1,0.5877,1082,1188,12.4,1231
27.9,15.6,0.5782,1348,1350,17.4,1286
24.1,20.6,0.6075,1365,1408,17.5,1315
21,28,0.6904,1827,1682,26.2,1494
18.4,38.8,0.8152,1879,1677,23.1,1494
16.9,42.9,0.8222,1915,1676,23.5,1545
15.5,45,0.7895,1705,1357,13.3,1354
14.3,49.6,0.8049,1610,1283,10.5,1301
14.7,48,0.7977,1300,1158,6.3,1144
13.3,51.4,0.7821,1093,1087,4.4,1080
12.6,53.7,0.7793,986,1056,3.3,1013
11.5,56.8,0.7706,846,1017,2,966
10.1,61.9,0.7631,822,1016,1.9,959
9.8,61.8,0.7523,714,983,1.4,919
9,64.3,0.7417,838,1020,2.3,953
7.9,68.4,0.7324,1109,1178,5.9,1117
9.5,62.6,0.7444,1676,1647,18.9,1485
13.2,51,0.7704,1976,1808,26.1,1583
16.9,40.3,0.7717,1814,1490,16.2,1448
20.8,31.3,0.7617,1538,1296,10.8,1294
24.3,24.7,0.7407,1383,1273,11.1,1269
26.7,22.6,0.7785,1184,1255,10.2,1247
27.1,21.7,0.7636,1094,1312,11.9,1239
28.3,17.9,0.6769,986,1271,11.8,1199
27.8,20,0.7378,967,1277,10.9,1216
26.2,19.4,0.6491,831,1158,8.6,1131
22.7,24.4,0.6661,1182,1353,15,1300
20.2,29.3,0.686,1523,1518,21.3,1358
17.3,35.2,0.6907,1780,1690,24.8,1492
16.1,38.7,0.7023,1682,1504,18.4,1413
14.6,44.5,0.7337,1390,1224,9.1,1210
13.7,48.6,0.7555,1390,1185,8.1,1196
12.4,52.2,0.7513,1201,1123,5.9,1101
11.9,53.4,0.7414,1107,1093,5.1,1076
10.4,58.4,0.7367,1050,1099,4.5,1040
8.9,63.5,0.7268,943,1048,3.2,989
8.2,65.9,0.7168,903,1033,2.8,966
7.7,67.1,0.7074,826,1002,2,912
7.2,68.6,0.6978,878,1038,3.3,960
7.5,66.7,0.6943,996,1110,5.4,1028
8.7,61.6,0.696,1470,1467,14.5,1375
12,51,0.7131,1883,1822,26.5,1522
15.4,42.5,0.7379,1661,1542,17.6,1400
18.8,33.5,0.7186,1568,1405,14.9,1323
22.2,28.1,0.7426,1291,1262,10.3,1250
24.7,25.5,0.7785,1226,1336,12,1283
25,23.4,0.7301,841,1208,10.4,1171
25.9,21.9,0.7209,951,1323,12.9,1264
25.6,21.7,0.7039,1151,1343,15.1,1301
25.1,21.8,0.6854,1279,1366,15.8,1321
22.1,25.6,0.6728,1416,1495,20.1,1343
19.1,32.5,0.7112,1738,1702,25.6,1493
16.7,42.5,0.8002,1821,1743,24,1545
15.5,48.3,0.8439,1733,1562,18.3,1477
13.3,60.5,0.9168,1115,1255,7.2,1202
12.1,67.6,0.9539,1131,1274,6.8,1236
11.8,68.3,0.9432,1127,1245,6.8,1206
11.6,68.3,0.9314,1167,1253,6.4,1192
11.8,67.9,0.9362,809,1099,2.7,1044
12.3,65.8,0.9374,709,1109,2.9,1053
12.2,66.9,0.9496,575,1089,2.2,1023
12.1,67.3,0.948,572,1098,2.5,1005
11.8,67.1,0.9274,546,1079,1.9,959
11.9,65.6,0.9129,795,1159,3.6,1049
12.2,65.6,0.93,1268,1439,10.1,1255
12.8,64.4,0.9448,1366,1452,10.9,1285
13.4,62,0.9498,1328,1403,9.9,1254
14.5,57,0.9333,1251,1378,9.7,1253
15.8,51.3,0.9144,1127,1327,8.9,1242
17.5,46,0.9104,1066,1308,8.5,1212
19.5,40.2,0.901,867,1214,6.6,1165
21.2,35.9,0.8943,691,1169,5.4,1136
21.7,35.1,0.8993,917,1293,8.7,1233
20.5,38.4,0.9161,748,1191,5.8,1177
18.2,45.9,0.9488,968,1289,7.6,1223
16.2,53,0.9722,1420,1483,12.4,1360
15,57.6,0.9777,1530,1550,14.7,1435
14.1,60.8,0.9716,1341,1402,10.5,1305
13.2,65.6,0.9882,1160,1306,7.3,1199
13.5,63.8,0.9797,1261,1336,8.5,1217
13.6,63.4,0.9794,1132,1297,6.8,1200
13.6,63.5,0.9857,1042,1243,5.9,1150
13.4,64.8,0.988,848,1192,4.3,1086
13.2,64.8,0.9801,666,1149,3.5,1027
13,65.3,0.9704,548,1110,2.8,993
12.6,65.9,0.9583,604,1101,2.4,985
13.1,64,0.9591,520,1063,1.6,934
12.4,66.2,0.95,659,1120,2.7,977
13.3,62.4,0.946,611,1095,2.5,970
14,59.7,0.9491,756,1178,3.9,1041
15.4,54,0.9385,988,1262,6.2,1144
17,47.5,0.9146,1058,1329,8.8,1209
18.6,42.6,0.904,636,1135,4.3,1083
21.5,35,0.8886,522,1107,3.4,1063
21.3,35.6,0.8924,415,1033,2.2,988
23.1,32.1,0.8973,445,1110,3.6,1060
22.1,34.5,0.9035,515,1112,4.1,1087
21.5,35.7,0.905,678,1184,5.7,1153
19.3,41.6,0.923,825,1227,6.6,1167
17.3,47.8,0.9363,1233,1428,12.7,1370
16,54.9,0.9934,1419,1518,14.8,1403
15.6,58,1.0197,1397,1436,12.3,1364
14.8,61.3,1.025,975,1238,6.3,1111
13.8,63.4,0.9916,891,1217,5.3,1091
13.1,66.1,0.9913,945,1221,5.3,1107
13.3,66.4,1.0128,916,1217,4.7,1095
13.3,67,1.0207,770,1160,3.3,1027
13.1,68.6,1.0288,697,1153,2.7,996
12.2,72.4,1.0224,611,1118,2,955
11.6,73.8,1.0054,693,1110,1.6,947
12.9,67.5,0.999,750,1158,3,1003
12.8,68,1.0023,1053,1291,6.1,1120
13.5,63.9,0.9875,1561,1673,17.3,1476
14.7,59.8,0.9928,1920,2147,31,1653
15.9,56.6,1.0147,1583,1576,15.4,1403
18.3,49.4,1.0264,1274,1428,10.9,1241
19.8,44.2,1.0091,1083,1347,8.4,1176
21.6,39.6,1.009,924,1320,7.1,1160
23.3,35.8,1.0086,1002,1424,10,1224
23.8,33.4,0.9699,905,1332,8.2,1175
22.8,35.3,0.9693,923,1362,9.2,1235
22.8,34.9,0.9576,1123,1446,12.4,1288
20.9,39.3,0.9615,1602,1831,23.3,1512
18.6,46.4,0.9867,1878,1999,29.7,1609
17.2,52.7,1.0285,1840,1855,25.7,1537
15.3,61,1.054,1474,1537,14.3,1315
14.2,65.4,1.0497,1244,1331,8.2,1155
13.8,65.2,1.0275,937,1185,4.9,1033
13.3,65.6,0.9969,891,1221,5.9,1078
12.6,67.9,0.9886,1044,1211,5.7,1069
12.8,64.5,0.9493,792,1107,2.9,952
12.8,63.6,0.936,670,1060,1.8,910
12,65.2,0.9103,689,1046,1.2,878
10.6,70.8,0.9033,717,1064,1.6,899
10.9,69.2,0.9033,813,1095,2.5,939
10.3,70.9,0.8907,891,1130,3.8,1001
11.8,66.3,0.9174,1323,1488,13.5,1303
14.1,58.9,0.9447,1817,1945,27.8,1557
16.5,51.6,0.9601,1723,1640,18.8,1402
20.2,42.1,0.984,1656,1566,15.7,1380
21.7,39,0.9979,1539,1564,15.6,1350
23.5,35,0.9977,1294,1434,12.3,1283
23.5,34.2,0.9748,1229,1446,12.4,1293
25.5,28.3,0.9124,951,1294,9.1,1197
25.5,24.7,0.7928,819,1236,8.6,1142
22.9,29.2,0.8055,801,1233,8.4,1147
21.3,32.9,0.8209,1492,1655,20.9,1448
20.1,42.4,0.988,1692,1698,21.9,1487
18.6,46.6,0.9858,1654,1674,20.4,1476
17.4,50.6,0.9989,1287,1384,11,1282
16.4,57.2,1.0574,938,1289,6.8,1147
16.3,59.4,1.0895,973,1283,6.3,1130
16,60.2,1.0844,1087,1285,6.2,1154
15.6,61.6,1.0859,796,1190,3.5,1049
15.4,62,1.0793,830,1184,3.3,1056
15.2,63.5,1.0881,703,1158,2.5,1011
14.5,66.4,1.0919,762,1160,2.3,993
15,64.8,1.1007,705,1143,1.8,976
14.2,68.3,1.0988,867,1223,3.6,1050
14,68.6,1.0918,1122,1316,6.1,1143
15.4,63.4,1.1045,1771,1895,22.3,1606
17.8,53.3,1.0736,1874,1975,27,1592
19.4,47.5,1.061,1812,1726,19.5,1510
21.4,38.7,0.9724,1726,1513,15.8,1421
22.9,29.3,0.8077,1184,1285,10.3,1169
24.2,26.5,0.7869,1131,1315,11,1187
24.5,23.1,0.6968,1149,1291,11.9,1171
23.1,22.8,0.6346,1185,1268,11.7,1175
23.3,23.8,0.6738,1244,1311,12,1216
23.2,23.3,0.6562,1380,1299,12.3,1239
22.7,25.5,0.6944,1727,1636,23.2,1463
21,29.2,0.7192,2021,1909,32.6,1616
19.5,35.6,0.7978,2159,1906,32,1663
18.8,37.3,0.8031,1844,1500,18.8,1445
17.7,39.7,0.799,1593,1332,12.1,1293
16.7,45.2,0.8506,1651,1380,13,1354
15.9,47,0.8434,1482,1277,9.9,1251
15.1,50.2,0.8543,1384,1256,8.1,1222
15.3,49.2,0.8493,1101,1099,3.8,1044
13.1,56.1,0.8416,999,1082,3.1,1006
13.3,54.4,0.8287,895,1043,2,953
12.4,58.3,0.8364,904,1045,2.2,959
12.9,56,0.8292,851,1043,2.3,949
11.9,59.6,0.8294,1052,1128,4.9,1073
13.4,55.1,0.8444,1609,1653,19.8,1499
16.1,46.4,0.8436,1614,1523,15,1404
17.9,42.2,0.8557,1774,1572,18.1,1465
18.2,43.2,0.8926,1802,1476,15.3,1474
16,67.9,1.2217,1741,1687,17.8,1611
17.6,59.7,1.188,1830,1677,17.3,1590
20.9,43.4,1.0618,1696,1525,14.1,1422
24.1,33.3,0.9881,1257,1387,10.3,1273
22.9,35.2,0.9694,1305,1401,11,1296
22.2,36.2,0.956,1183,1383,10.3,1247
21.3,37.8,0.9462,1347,1500,14.6,1359
20.1,43.2,1.0051,1947,2021,30.8,1726
18.8,49.1,1.0538,2129,2143,35.5,1818
18.2,52.2,1.0795,1948,1818,24.2,1667
17.4,57.3,1.1288,1804,1648,17.8,1549
17,56.6,1.0902,1572,1462,11.9,1385
16.2,66.3,1.208,1426,1428,9.3,1320
15.3,73.3,1.2655,1170,1344,6.3,1205
15.2,73.3,1.2556,1000,1263,4,1099
13.9,80.4,1.2694,949,1279,4.1,1106
13.6,82.8,1.2817,905,1300,4.1,1099
13.7,82,1.277,845,1255,3.3,1042
13.7,78,1.2174,692,1190,2.5,980
14.1,75.5,1.2065,926,1321,5.4,1138
14.8,73.6,1.2331,1470,1750,17.4,1517
16,67.8,1.2276,1660,1941,22.9,1537
18.4,59.2,1.2398,1360,1494,11.1,1296
20.4,50.5,1.1954,1215,1420,9.5,1255
21.3,46.6,1.1628,1391,1578,13.6,1367
20.4,49.8,1.1765,1521,1686,17,1473
21.1,47.8,1.1813,1483,1647,15.8,1422
21.5,47.8,1.206,1380,1601,14.3,1378
21.7,47.4,1.2184,1450,1706,17.5,1446
21,49.8,1.2208,1519,1702,17.8,1473
20.4,51.9,1.2261,1684,1908,24.3,1619
19.4,56.3,1.25,1812,2008,27.2,1673
18.8,58.3,1.2514,1710,1891,23.7,1605
18.2,61,1.2634,1591,1685,16.7,1460
17.7,63.3,1.2729,1521,1596,14,1407
17.7,63.5,1.27,1353,1458,10.1,1286
17.1,66.9,1.2926,1463,1534,12.1,1372
16.8,69,1.3135,1447,1488,10.5,1312
16.6,70,1.3078,1294,1361,7.2,1205
16.1,71.3,1.2955,1172,1360,6.4,1167
16.2,71.2,1.3013,1122,1336,6,1122
16.3,69.8,1.2853,1103,1309,5.3,1126
16.1,70,1.2739,1113,1293,4.9,1121
16.1,69.5,1.2623,1109,1325,5.7,1135
16.5,68.1,1.2653,1229,1458,9,1248
17.4,65,1.2775,1404,1522,10.9,1325
18.4,60.2,1.2623,1450,1490,10.6,1347
19.1,57.5,1.2569,1393,1443,9.3,1317
21.2,48.4,1.2028,1227,1406,8.3,1243
22.3,43.9,1.1695,1040,1361,6.6,1169
23.7,39.4,1.1366,820,1264,5.1,1085
23.1,41.2,1.1523,1011,1374,7.9,1177
25.7,35.7,1.1626,1042,1382,7.7,1207
24.3,38.4,1.1503,1136,1463,10.7,1269
21.9,45.1,1.1687,1101,1456,10.5,1205
19.7,51.8,1.1779,1108,1486,10.9,1218
18.7,54.5,1.1644,1078,1387,8.4,1183
17.8,58.1,1.1742,1210,1449,10,1242
17.3,60.8,1.1885,1270,1465,10.3,1263
16.5,63.8,1.1873,1119,1362,7.2,1139
16.3,65.2,1.1982,1133,1338,6.4,1166
16.5,63.8,1.1896,1010,1275,4.3,1079
16.6,63,1.1784,894,1241,3.3,1008
16.2,64.3,1.1729,930,1267,3.9,1034
15.9,65.1,1.1654,861,1260,3.4,1001
15.8,65.4,1.1629,841,1212,2.3,977
15.8,65.9,1.1792,851,1211,2.3,986
15.6,67.7,1.1911,960,1297,4.2,1082
15.2,71.5,1.2228,926,1289,3.6,1068
14.5,80.8,1.3224,901,1344,4.4,1136
15.2,81.4,1.393,915,1369,4.6,1184
15.9,77.3,1.3838,956,1335,4.5,1179
17.5,67.1,1.3342,1019,1338,5,1182
18.1,62.8,1.2916,842,1286,3.8,1082
18.6,62.1,1.3224,612,1238,2.5,996
16.2,71.9,1.3171,544,1240,2.7,1024
15.4,75.2,1.3024,638,1256,3.5,1093
14.4,80.8,1.3182,793,1341,4.9,1170
13.8,83.5,1.3154,811,1324,4.4,1153
13.9,83.6,1.3208,896,1367,5.7,1220
14.2,82.3,1.3219,978,1393,6.3,1218
14.1,81.4,1.3046,964,1376,6,1172
14.4,79,1.2917,993,1368,6,1182
14.6,77.7,1.2834,966,1356,5.6,1160
14.4,78.6,1.2839,885,1309,4.3,1106
14.4,78,1.2741,775,1256,3,1031
14.1,79.1,1.2665,738,1247,2.8,1015
13.7,80.6,1.2528,711,1235,2.7,1003
13.9,79.6,1.2616,624,1212,2,951
13.8,79,1.2425,585,1195,1.9,938
13.9,78,1.2346,646,1201,1.9,933
14.1,77.8,1.2445,809,1260,3.1,1010
15,73.2,1.2413,828,1257,3.4,1025
16.4,67.3,1.2451,894,1308,4.9,1086
17.8,61.7,1.2436,915,1331,5.2,1111
20.8,50.4,1.2213,920,1305,5.5,1129
21.6,46.8,1.1959,807,1266,4.2,1097
23.1,41.3,1.1506,678,1223,3.3,1029
23.6,39.4,1.132,668,1289,4.8,1071
25.1,34,1.068,617,1216,4.2,1053
24.7,35.6,1.0882,598,1203,3.7,1055
24.2,38.1,1.1357,778,1294,6.2,1176
22.7,42.4,1.154,1062,1399,9.7,1293
19.6,47.8,1.0781,1224,1432,12.4,1307
17.6,54.4,1.0839,1118,1369,9.4,1163
16.2,60.6,1.1089,964,1310,7.1,1103
15.2,65.8,1.1288,1050,1310,6.1,1120
14.5,68.9,1.1298,1016,1311,6,1107
14.3,68.5,1.1122,998,1269,5,1078
14.7,66.4,1.1006,846,1181,2.9,963
13.4,70.4,1.0793,762,1148,2.2,923
14.2,65.1,1.0495,592,1087,1,853
13.7,68.2,1.0611,617,1102,1.3,883
13.7,67.8,1.0575,672,1143,1.9,921
12.9,71.8,1.0657,890,1245,4.7,1031
13.2,69.9,1.0543,1354,1632,16,1371
14.4,65.8,1.0727,1648,2005,26.3,1519
15.3,63.3,1.092,1566,1709,18.8,1409
17.7,55.6,1.112,1541,1573,14.4,1303
19.6,49.4,1.1176,1226,1425,10,1184
18.1,58.3,1.2013,1126,1525,12.1,1202
18,57.9,1.1826,1147,1519,11.7,1197
18.6,55,1.1696,1190,1516,12,1234
18.3,57.9,1.2047,1212,1550,12.3,1247
18.3,54.8,1.1403,1251,1504,12.3,1234
18.3,53.9,1.1252,1404,1671,16.7,1339
18.5,54.6,1.1515,1419,1598,15.3,1331
17.1,61.5,1.191,1328,1541,13.4,1251
16.4,62.5,1.1531,1378,1545,13.5,1267
15.2,64.2,1.0983,1159,1376,9,1145
14.6,67.3,1.1102,932,1218,4.8,1010
13.5,70.8,1.0928,942,1237,5,1025
13,71.9,1.0697,944,1224,4.9,1024
13,70.2,1.0457,798,1144,3.4,938
11.6,74.9,1.0224,776,1104,2.4,905
12.5,67.4,0.9722,636,1043,1.1,826
11.5,71.5,0.9684,678,1073,1.4,879
10.2,77.9,0.9692,754,1109,2.1,901
11,73.1,0.9554,818,1164,3.8,948
10.7,73.6,0.9439,1202,1457,12.6,1250
12.1,67.3,0.9499,1296,1533,14.7,1263
15.1,58.6,0.9982,1418,1543,15.5,1319
18.6,49.5,1.052,1293,1458,12.1,1202
20.9,42.5,1.037,1027,1308,7.9,1109
23.6,34.8,0.9986,1052,1350,9.6,1136
25.6,28.5,0.9199,875,1301,8.3,1082
26.1,26.3,0.875,815,1292,9.2,1070
26.6,24.9,0.8525,760,1252,8.4,1070
25.1,28.5,0.8932,856,1303,9.2,1123
24.1,32.1,0.9504,1258,1498,16.1,1271
21.5,39.1,0.9914,1383,1585,17.1,1304
19.3,46.2,1.023,1518,1639,19.9,1360
18.2,52.6,1.0911,1890,1536,14.9,1278
16.8,58.2,1.1022,1389,1373,8.8,1130
16,61.9,1.115,1090,1282,5.8,1066
15.3,65.4,1.126,1092,1317,6.6,1090
14.5,67.8,1.1171,954,1245,4.8,1013
14.2,68.6,1.1068,951,1230,4.1,998
13.9,68.7,1.0892,790,1169,2.5,923
13.1,72.5,1.0911,752,1144,1.7,904
12.9,72.7,1.076,708,1135,1.6,884
12.3,74.2,1.0583,782,1173,2.6,936
12.6,71.5,1.038,1011,1264,6.1,1068
12.7,69.6,1.0206,1683,1860,23.6,1531
16.8,51.6,0.9818,1341,1397,10.9,1184
20.3,40.1,0.9439,1014,1212,6.8,1064
21,37.3,0.9139,751,1119,4.9,996
21,36.9,0.9089,630,1088,4.2,984
22.8,33,0.904,565,1098,4.3,980
24,30.3,0.8925,535,1094,4,970
22.6,33.2,0.9007,471,1052,3.1,940
22.5,32.9,0.8846,512,1075,3.7,963
21.5,33.8,0.8575,527,1070,3.8,961
21.4,36.4,0.9172,690,1206,6.5,1067
20,38.9,0.8974,778,1219,7.2,1084
17.8,45.2,0.9123,872,1287,8.3,1102
16.3,47.3,0.8686,622,1095,4.4,976
16.3,44.8,0.8244,512,1012,2.3,895
15.6,47.1,0.8273,438,992,1.8,886
15.1,47.6,0.8139,443,1001,2.1,886
15.1,44.5,0.7569,392,937,1.5,848
14.6,43,0.7108,347,885,1,818
14.5,43.7,0.7163,341,882,1.1,848
13.6,46.7,0.7245,322,895,0.9,826
13.7,48.8,0.7606,323,898,0.8,818
13.5,50.6,0.7783,395,944,1.4,868
13.7,47.4,0.7412,510,979,2,901
13.7,45.9,0.7154,909,1158,6.7,1044
16.1,41,0.7435,869,1130,6.3,1030
16.1,41.5,0.7559,652,1038,4.3,965
16.5,40.8,0.757,599,1011,3.5,948
18.9,33.8,0.7312,550,981,3.6,939
19.2,29.5,0.648,518,957,4,925
19.9,26.3,0.6054,541,966,4.5,924
19.2,27,0.5934,456,911,3.3,891
19.4,25.3,0.5625,467,916,3.6,897
18.9,26.2,0.5667,508,955,4.3,939
19.3,24.7,0.5483,583,959,5.1,943
17.1,25.3,0.4881,609,951,5.5,928
15.6,26.2,0.4604,757,1003,7.4,961
13.8,30.6,0.479,539,858,3.7,867
13.1,31.7,0.4756,420,778,1.9,823
13.2,31.8,0.4798,408,793,2.1,835
13.6,30.8,0.4779,560,853,3.4,893
13.1,32,0.4817,889,951,5.8,965
12.7,33.6,0.4902,516,791,1.9,838
12.2,35.6,0.5038,391,768,1.5,835
11.9,35.6,0.4945,374,777,1.4,820
11.2,38.3,0.5099,326,742,0.9,815
11,40.5,0.5316,352,805,1.4,842
10.7,42.8,0.5489,566,863,2,884
11.1,43.3,0.572,706,922,3.1,922
14.2,36.9,0.5939,575,899,2.5,903
15.6,33.3,0.5861,505,884,2.7,899
16.3,30,0.5514,471,856,2.7,890
17,26.1,0.5036,421,834,2.7,877
19.3,22.3,0.495,389,817,2.4,867
20.5,21.9,0.5215,408,843,2.4,892
22,20.2,0.5274,382,853,2.3,889
21.7,20.9,0.5367,387,861,2.5,900
21.6,20.8,0.5292,428,873,2.9,910
21,22.3,0.5468,488,928,3.5,947
18.6,26.6,0.5631,556,958,4,947
15.5,33.9,0.5957,568,942,3.5,936
14.3,38,0.6162,546,930,2.9,925
13.5,39.4,0.6089,428,872,1.8,885
13.1,41.3,0.6184,418,881,1.8,891
13.5,37.8,0.5815,472,894,2.1,904
13.5,37.4,0.5745,544,898,2.5,929
12.7,40.8,0.5977,666,929,2.8,951
12,44.2,0.6177,679,931,2.7,938
10.5,48.7,0.6164,768,948,2.8,921
10.1,49.7,0.6122,589,914,2,850
9.6,51,0.6082,470,872,1,811
9.1,52.4,0.6074,523,901,1.3,848
8.9,52.7,0.6034,660,936,1.7,882
13.5,40,0.6168,741,949,2.4,936
17.8,30.7,0.6205,831,1004,4.1,1022
21.1,23.7,0.5875,613,931,3.4,970
24,19.3,0.5673,640,1001,5.3,1000
26.5,16.4,0.5594,631,985,5.3,996
28.7,13.7,0.5302,456,902,3.8,928
28.5,13.1,0.5002,450,890,4.2,933
30,11.1,0.4624,516,896,5.4,956
29.4,10.4,0.4192,548,898,6.3,968
28.9,9.9,0.3866,603,891,6.1,953
22.8,21.7,0.5945,597,981,4.6,1015
19.9,33,0.7608,1167,1289,11.1,1248
17.5,40.7,0.8073,1372,1200,7.9,1180
16.4,46.6,0.8642,1042,1178,6,1102
15.5,49,0.8579,1055,1173,5.8,1116
14.3,52.5,0.8497,1049,1147,5.1,1100
14.2,51.4,0.8275,816,1073,3.5,1012
13.8,51.2,0.8058,598,1002,1.9,944
12.1,56.3,0.7927,573,1002,1.5,912
11.3,58.9,0.7888,549,974,1.1,887
11.8,56,0.7743,489,958,0.8,864
10.4,59.9,0.755,578,987,1.3,888
9.5,63.1,0.7531,905,1129,4.4,1031
9.7,61.9,0.7446,1457,1600,17.4,1384
13.5,48.9,0.7553,1705,1777,22.4,1446
18.2,36.3,0.7487,1583,1375,13.6,1297
21.9,29.3,0.7568,1729,1374,13.5,1314
24.3,23.7,0.7119,1269,1264,11.4,1163
26.9,18.3,0.6406,1092,1241,12.4,1142
